ClassID,SessionID,Q1a,Q1b,Q1c,Q1d,Q1e,Q1f,Q1g,Q1h,Q1i,Q1j,Q1k,Q1l,Q1m,Q1n,Q1o,Q1p,Q2a,Q2b,Q2c,Q2d,Q2e,Q2f,Q2g,Q2h,Q2i,Q2j,Q2k,Q2l,Q2m,Q2n,Q2o,Q2p,Q3a,Q3b,Q3c,Q3d,Q3e,Q3f,Q3g,Q3h,Q3i,Q3j,Q3k,Q3l,Q3m,Q3n,Q3o,Q3p,Q4a,Q4b,Q4c,Q4d,Q4e,Q4f,Q4g,Q4h,Q4i,Q4j,Q4k,Q4l,Q4m,Q4n,Q4o,Q4p,Q5a,Q5b,Q5c,Q5d,Q5e,Q5f,Q5g,Q5h,Q5i,Q5j,Q5k,Q5l,Q5m,Q5n,Q5o,Q5p,Q6a,Q6b,Q6c,Q6d,Q6e,Q6f,Q6g,Q6h,Q6i,Q6j,Q6k,Q6l,Q6m,Q6n,Q6o,Q6p,Q7a,Q7b,Q7c,Q7d,Q7e,Q7f,Q7g,Q7h,Q7i,Q7j,Q7k,Q7l,Q7m,Q7n,Q7o,Q7p,Q8a,Q8b,Q8c,Q8d,Q8e,Q8f,Q8g,Q8h,Q8i,Q8j,Q8k,Q8l,Q8m,Q8n,Q8o,Q8p
C-003-07,TM-01,TM-01_Q1a.JPG,TM-01_Q1b.jpg,TM-01_Q1c.jpg,TM-01_Q1d.jpg,TM-01_Q1e.png,TM-01_Q1f.png,TM-01_Q1g.png,TM-01_Q1h.png,TM-01_Q1i.jpeg,TM-01_Q1j.jpg,TM-01_Q1k.jpg,TM-01_Q1l.jpg,TM-01_Q1m.jpeg,TM-01_Q1n.jpg,TM-01_Q1o.jpg,TM-01_Q1p.jpg,TM-01_Q2a.JPG,TM-01_Q2b.jpg,TM-01_Q2c.jpg,TM-01_Q2d.jpg,TM-01_Q2e.png,TM-01_Q2f.png,TM-01_Q2g.png,TM-01_Q2h.png,TM-01_Q2i.jpeg,TM-01_Q2j.jpg,TM-01_Q2k.jpg,TM-01_Q2l.jpg,TM-01_Q2m.jpeg,TM-01_Q2n.jpg,TM-01_Q2o.jpg,TM-01_Q2p.jpg,,,,,,,,,,,,,,,,,,,,,,,,,,,,,,,,,,,,,,,,,,,,,,,,,,,,,,,,,,,,,,,,,,,,,,,,,,,,,,,,,,,,,,,,,,,,,,,,
C-003-08,TM-01,TM-01_Q1a.JPG,TM-01_Q1b.jpg,TM-01_Q1c.jpg,TM-01_Q1d.jpg,TM-01_Q1e.png,TM-01_Q1f.png,TM-01_Q1g.png,TM-01_Q1h.png,TM-01_Q1i.jpeg,TM-01_Q1j.jpg,TM-01_Q1k.jpg,TM-01_Q1l.jpg,TM-01_Q1m.jpeg,TM-01_Q1n.jpg,TM-01_Q1o.jpg,TM-01_Q1p.jpg,TM-01_Q2a.JPG,TM-01_Q2b.jpg,TM-01_Q2c.jpg,TM-01_Q2d.jpg,TM-01_Q2e.png,TM-01_Q2f.png,TM-01_Q2g.png,TM-01_Q2h.png,TM-01_Q2i.jpeg,TM-01_Q2j.jpg,TM-01_Q2k.jpg,TM-01_Q2l.jpg,TM-01_Q2m.jpeg,TM-01_Q2n.jpg,TM-01_Q2o.jpg,TM-01_Q2p.jpg,,,,,,,,,,,,,,,,,,,,,,,,,,,,,,,,,,,,,,,,,,,,,,,,,,,,,,,,,,,,,,,,,,,,,,,,,,,,,,,,,,,,,,,,,,,,,,,,
C-006-07,TM-02,TM-02_Q1a.JPG,TM-02_Q1b.jpg,TM-02_Q1c.jpg,TM-02_Q1d.jpg,TM-02_Q1e.png,TM-02_Q1f.png,TM-02_Q1g.png,TM-02_Q1h.png,TM-02_Q1i.jpeg,TM-02_Q1j.jpg,TM-02_Q1k.jpg,TM-02_Q1l.jpg,TM-02_Q1m.jpeg,TM-02_Q1n.jpg,TM-02_Q1o.jpg,TM-02_Q1p.jpg,TM-02_Q2a.JPG,TM-02_Q2b.jpg,TM-02_Q2c.jpg,TM-02_Q2d.jpg,TM-02_Q2e.png,TM-02_Q2f.png,TM-02_Q2g.png,TM-02_Q2h.png,TM-02_Q2i.jpeg,TM-02_Q2j.jpg,TM-02_Q2k.jpg,TM-02_Q2l.jpg,TM-02_Q2m.jpeg,TM-02_Q2n.jpg,TM-02_Q2o.jpg,TM-02_Q2p.jpg,,,,,,,,,,,,,,,,,,,,,,,,,,,,,,,,,,,,,,,,,,,,,,,,,,,,,,,,,,,,,,,,,,,,,,,,,,,,,,,,,,,,,,,,,,,,,,,,
C-006-08,TM-03,TM-03_Q1a.JPG,TM-03_Q1b.jpg,TM-03_Q1c.jpg,TM-03_Q1d.jpg,TM-03_Q1e.png,TM-03_Q1f.png,TM-03_Q1g.png,TM-03_Q1h.png,TM-03_Q1i.jpeg,TM-03_Q1j.jpg,TM-03_Q1k.jpg,TM-03_Q1l.jpg,TM-03_Q1m.jpeg,TM-03_Q1n.jpg,TM-03_Q1o.jpg,TM-03_Q1p.jpg,TM-03_Q2a.JPG,TM-03_Q2b.jpg,TM-03_Q2c.jpg,TM-03_Q2d.jpg,TM-03_Q2e.png,TM-03_Q2f.png,TM-03_Q2g.png,TM-03_Q2h.png,TM-03_Q2i.jpeg,TM-03_Q2j.jpg,TM-03_Q2k.jpg,TM-03_Q2l.jpg,TM-03_Q2m.jpeg,TM-03_Q2n.jpg,TM-03_Q2o.jpg,TM-03_Q2p.jpg,,,,,,,,,,,,,,,,,,,,,,,,,,,,,,,,,,,,,,,,,,,,,,,,,,,,,,,,,,,,,,,,,,,,,,,,,,,,,,,,,,,,,,,,,,,,,,,,
C-006-09,TM-02,TM-02_Q1a.JPG,TM-02_Q1b.jpg,TM-02_Q1c.jpg,TM-02_Q1d.jpg,TM-02_Q1e.png,TM-02_Q1f.png,TM-02_Q1g.png,TM-02_Q1h.png,TM-02_Q1i.jpeg,TM-02_Q1j.jpg,TM-02_Q1k.jpg,TM-02_Q1l.jpg,TM-02_Q1m.jpeg,TM-02_Q1n.jpg,TM-02_Q1o.jpg,TM-02_Q1p.jpg,TM-02_Q2a.JPG,TM-02_Q2b.jpg,TM-02_Q2c.jpg,TM-02_Q2d.jpg,TM-02_Q2e.png,TM-02_Q2f.png,TM-02_Q2g.png,TM-02_Q2h.png,TM-02_Q2i.jpeg,TM-02_Q2j.jpg,TM-02_Q2k.jpg,TM-02_Q2l.jpg,TM-02_Q2m.jpeg,TM-02_Q2n.jpg,TM-02_Q2o.jpg,TM-02_Q2p.jpg,,,,,,,,,,,,,,,,,,,,,,,,,,,,,,,,,,,,,,,,,,,,,,,,,,,,,,,,,,,,,,,,,,,,,,,,,,,,,,,,,,,,,,,,,,,,,,,,
C-008-09,TM-04,TM-04_Q1a.JPG,TM-04_Q1b.jpg,TM-04_Q1c.jpg,TM-04_Q1d.jpg,TM-04_Q1e.png,TM-04_Q1f.png,TM-04_Q1g.png,TM-04_Q1h.png,TM-04_Q1i.jpeg,TM-04_Q1j.jpg,TM-04_Q1k.jpg,TM-04_Q1l.jpg,TM-04_Q1m.jpeg,TM-04_Q1n.jpg,TM-04_Q1o.jpg,TM-04_Q1p.jpg,TM-04_Q2a.JPG,TM-04_Q2b.jpg,TM-04_Q2c.jpg,TM-04_Q2d.jpg,TM-04_Q2e.png,TM-04_Q2f.png,TM-04_Q2g.png,TM-04_Q2h.png,TM-04_Q2i.jpeg,TM-04_Q2j.jpg,TM-04_Q2k.jpg,TM-04_Q2l.jpg,TM-04_Q2m.jpeg,TM-04_Q2n.jpg,TM-04_Q2o.jpg,TM-04_Q2p.jpg,,,,,,,,,,,,,,,,,,,,,,,,,,,,,,,,,,,,,,,,,,,,,,,,,,,,,,,,,,,,,,,,,,,,,,,,,,,,,,,,,,,,,,,,,,,,,,,,
C-008-10,TM-04,TM-04_Q1a.JPG,TM-04_Q1b.jpg,TM-04_Q1c.jpg,TM-04_Q1d.jpg,TM-04_Q1e.png,TM-04_Q1f.png,TM-04_Q1g.png,TM-04_Q1h.png,TM-04_Q1i.jpeg,TM-04_Q1j.jpg,TM-04_Q1k.jpg,TM-04_Q1l.jpg,TM-04_Q1m.jpeg,TM-04_Q1n.jpg,TM-04_Q1o.jpg,TM-04_Q1p.jpg,TM-04_Q2a.JPG,TM-04_Q2b.jpg,TM-04_Q2c.jpg,TM-04_Q2d.jpg,TM-04_Q2e.png,TM-04_Q2f.png,TM-04_Q2g.png,TM-04_Q2h.png,TM-04_Q2i.jpeg,TM-04_Q2j.jpg,TM-04_Q2k.jpg,TM-04_Q2l.jpg,TM-04_Q2m.jpeg,TM-04_Q2n.jpg,TM-04_Q2o.jpg,TM-04_Q2p.jpg,,,,,,,,,,,,,,,,,,,,,,,,,,,,,,,,,,,,,,,,,,,,,,,,,,,,,,,,,,,,,,,,,,,,,,,,,,,,,,,,,,,,,,,,,,,,,,,,
C-008-11,TM-05,TM-05_Q1a.JPG,TM-05_Q1b.jpg,TM-05_Q1c.jpg,TM-05_Q1d.jpg,TM-05_Q1e.png,TM-05_Q1f.png,TM-05_Q1g.png,TM-05_Q1h.png,TM-05_Q1i.jpeg,TM-05_Q1j.jpg,TM-05_Q1k.jpg,TM-05_Q1l.jpg,TM-05_Q1m.jpeg,TM-05_Q1n.jpg,TM-05_Q1o.jpg,TM-05_Q1p.jpg,TM-05_Q2a.JPG,TM-05_Q2b.jpg,TM-05_Q2c.jpg,TM-05_Q2d.jpg,TM-05_Q2e.png,TM-05_Q2f.png,TM-05_Q2g.png,TM-05_Q2h.png,TM-05_Q2i.jpeg,TM-05_Q2j.jpg,TM-05_Q2k.jpg,TM-05_Q2l.jpg,TM-05_Q2m.jpeg,TM-05_Q2n.jpg,TM-05_Q2o.jpg,TM-05_Q2p.jpg,,,,,,,,,,,,,,,,,,,,,,,,,,,,,,,,,,,,,,,,,,,,,,,,,,,,,,,,,,,,,,,,,,,,,,,,,,,,,,,,,,,,,,,,,,,,,,,,
C-008-12,TM-05,TM-05_Q1a.JPG,TM-05_Q1b.jpg,TM-05_Q1c.jpg,TM-05_Q1d.jpg,TM-05_Q1e.png,TM-05_Q1f.png,TM-05_Q1g.png,TM-05_Q1h.png,TM-05_Q1i.jpeg,TM-05_Q1j.jpg,TM-05_Q1k.jpg,TM-05_Q1l.jpg,TM-05_Q1m.jpeg,TM-05_Q1n.jpg,TM-05_Q1o.jpg,TM-05_Q1p.jpg,TM-05_Q2a.JPG,TM-05_Q2b.jpg,TM-05_Q2c.jpg,TM-05_Q2d.jpg,TM-05_Q2e.png,TM-05_Q2f.png,TM-05_Q2g.png,TM-05_Q2h.png,TM-05_Q2i.jpeg,TM-05_Q2j.jpg,TM-05_Q2k.jpg,TM-05_Q2l.jpg,TM-05_Q2m.jpeg,TM-05_Q2n.jpg,TM-05_Q2o.jpg,TM-05_Q2p.jpg,,,,,,,,,,,,,,,,,,,,,,,,,,,,,,,,,,,,,,,,,,,,,,,,,,,,,,,,,,,,,,,,,,,,,,,,,,,,,,,,,,,,,,,,,,,,,,,,
C-010-15,TM-06,TM-06_Q1a.JPG,TM-06_Q1b.jpg,TM-06_Q1c.jpg,TM-06_Q1d.jpg,TM-06_Q1e.png,TM-06_Q1f.png,TM-06_Q1g.png,TM-06_Q1h.png,TM-06_Q1i.jpeg,TM-06_Q1j.jpg,TM-06_Q1k.jpg,TM-06_Q1l.jpg,TM-06_Q1m.jpeg,TM-06_Q1n.jpg,TM-06_Q1o.jpg,TM-06_Q1p.jpg,TM-06_Q2a.JPG,TM-06_Q2b.jpg,TM-06_Q2c.jpg,TM-06_Q2d.jpg,TM-06_Q2e.png,TM-06_Q2f.png,TM-06_Q2g.png,TM-06_Q2h.png,TM-06_Q2i.jpeg,TM-06_Q2j.jpg,TM-06_Q2k.jpg,TM-06_Q2l.jpg,TM-06_Q2m.jpeg,TM-06_Q2n.jpg,TM-06_Q2o.jpg,TM-06_Q2p.jpg,,,,,,,,,,,,,,,,,,,,,,,,,,,,,,,,,,,,,,,,,,,,,,,,,,,,,,,,,,,,,,,,,,,,,,,,,,,,,,,,,,,,,,,,,,,,,,,,
C-010-16,TM-07,TM-07_Q1a.JPG,TM-07_Q1b.jpg,TM-07_Q1c.jpg,TM-07_Q1d.jpg,TM-07_Q1e.png,TM-07_Q1f.png,TM-07_Q1g.png,TM-07_Q1h.png,TM-07_Q1i.jpeg,TM-07_Q1j.jpg,TM-07_Q1k.jpg,TM-07_Q1l.jpg,TM-07_Q1m.jpeg,TM-07_Q1n.jpg,TM-07_Q1o.jpg,TM-07_Q1p.jpg,TM-07_Q2a.JPG,TM-07_Q2b.jpg,TM-07_Q2c.jpg,TM-07_Q2d.jpg,TM-07_Q2e.png,TM-07_Q2f.png,TM-07_Q2g.png,TM-07_Q2h.png,TM-07_Q2i.jpeg,TM-07_Q2j.jpg,TM-07_Q2k.jpg,TM-07_Q2l.jpg,TM-07_Q2m.jpeg,TM-07_Q2n.jpg,TM-07_Q2o.jpg,TM-07_Q2p.jpg,,,,,,,,,,,,,,,,,,,,,,,,,,,,,,,,,,,,,,,,,,,,,,,,,,,,,,,,,,,,,,,,,,,,,,,,,,,,,,,,,,,,,,,,,,,,,,,,
C-010-17,TM-08,TM-08_Q1a.JPG,TM-08_Q1b.jpg,TM-08_Q1c.jpg,TM-08_Q1d.jpg,TM-08_Q1e.png,TM-08_Q1f.png,TM-08_Q1g.png,TM-08_Q1h.png,TM-08_Q1i.jpeg,TM-08_Q1j.jpg,TM-08_Q1k.jpg,TM-08_Q1l.jpg,TM-08_Q1m.jpeg,TM-08_Q1n.jpg,TM-08_Q1o.jpg,TM-08_Q1p.jpg,TM-08_Q2a.JPG,TM-08_Q2b.jpg,TM-08_Q2c.jpg,TM-08_Q2d.jpg,TM-08_Q2e.png,TM-08_Q2f.png,TM-08_Q2g.png,TM-08_Q2h.png,TM-08_Q2i.jpeg,TM-08_Q2j.jpg,TM-08_Q2k.jpg,TM-08_Q2l.jpg,TM-08_Q2m.jpeg,TM-08_Q2n.jpg,TM-08_Q2o.jpg,TM-08_Q2p.jpg,,,,,,,,,,,,,,,,,,,,,,,,,,,,,,,,,,,,,,,,,,,,,,,,,,,,,,,,,,,,,,,,,,,,,,,,,,,,,,,,,,,,,,,,,,,,,,,,
C-010-18,TM-09,TM-09_Q1a.JPG,TM-09_Q1b.jpg,TM-09_Q1c.jpg,TM-09_Q1d.jpg,TM-09_Q1e.png,TM-09_Q1f.png,TM-09_Q1g.png,TM-09_Q1h.png,TM-09_Q1i.jpeg,TM-09_Q1j.jpg,TM-09_Q1k.jpg,TM-09_Q1l.jpg,TM-09_Q1m.jpeg,TM-09_Q1n.jpg,TM-09_Q1o.jpg,TM-09_Q1p.jpg,TM-09_Q2a.JPG,TM-09_Q2b.jpg,TM-09_Q2c.jpg,TM-09_Q2d.jpg,TM-09_Q2e.png,TM-09_Q2f.png,TM-09_Q2g.png,TM-09_Q2h.png,TM-09_Q2i.jpeg,TM-09_Q2j.jpg,TM-09_Q2k.jpg,TM-09_Q2l.jpg,TM-09_Q2m.jpeg,TM-09_Q2n.jpg,TM-09_Q2o.jpg,TM-09_Q2p.jpg,,,,,,,,,,,,,,,,,,,,,,,,,,,,,,,,,,,,,,,,,,,,,,,,,,,,,,,,,,,,,,,,,,,,,,,,,,,,,,,,,,,,,,,,,,,,,,,,
C-010-21,TM-10,TM-10_Q1a.JPG,TM-10_Q1b.jpg,TM-10_Q1c.jpg,TM-10_Q1d.jpg,TM-10_Q1e.png,TM-10_Q1f.png,TM-10_Q1g.png,TM-10_Q1h.png,TM-10_Q1i.jpeg,TM-10_Q1j.jpg,TM-10_Q1k.jpg,TM-10_Q1l.jpg,TM-10_Q1m.jpeg,TM-10_Q1n.jpg,TM-10_Q1o.jpg,TM-10_Q1p.jpg,TM-10_Q2a.JPG,TM-10_Q2b.jpg,TM-10_Q2c.jpg,TM-10_Q2d.jpg,TM-10_Q2e.png,TM-10_Q2f.png,TM-10_Q2g.png,TM-10_Q2h.png,TM-10_Q2i.jpeg,TM-10_Q2j.jpg,TM-10_Q2k.jpg,TM-10_Q2l.jpg,TM-10_Q2m.jpeg,TM-10_Q2n.jpg,TM-10_Q2o.jpg,TM-10_Q2p.jpg,,,,,,,,,,,,,,,,,,,,,,,,,,,,,,,,,,,,,,,,,,,,,,,,,,,,,,,,,,,,,,,,,,,,,,,,,,,,,,,,,,,,,,,,,,,,,,,,
C-011-07,TM-11,TM-11_Q1a.JPG,TM-11_Q1b.jpg,TM-11_Q1c.jpg,TM-11_Q1d.jpg,TM-11_Q1e.png,TM-11_Q1f.png,TM-11_Q1g.png,TM-11_Q1h.png,TM-11_Q1i.jpeg,TM-11_Q1j.jpg,TM-11_Q1k.jpg,TM-11_Q1l.jpg,TM-11_Q1m.jpeg,TM-11_Q1n.jpg,TM-11_Q1o.jpg,TM-11_Q1p.jpg,TM-11_Q2a.JPG,TM-11_Q2b.jpg,TM-11_Q2c.jpg,TM-11_Q2d.jpg,TM-11_Q2e.png,TM-11_Q2f.png,TM-11_Q2g.png,TM-11_Q2h.png,TM-11_Q2i.jpeg,TM-11_Q2j.jpg,TM-11_Q2k.jpg,TM-11_Q2l.jpg,TM-11_Q2m.jpeg,TM-11_Q2n.jpg,TM-11_Q2o.jpg,TM-11_Q2p.jpg,,,,,,,,,,,,,,,,,,,,,,,,,,,,,,,,,,,,,,,,,,,,,,,,,,,,,,,,,,,,,,,,,,,,,,,,,,,,,,,,,,,,,,,,,,,,,,,,
C-011-08,TM-12,TM-12_Q1a.JPG,TM-12_Q1b.jpg,TM-12_Q1c.jpg,TM-12_Q1d.jpg,TM-12_Q1e.png,TM-12_Q1f.png,TM-12_Q1g.png,TM-12_Q1h.png,TM-12_Q1i.jpeg,TM-12_Q1j.jpg,TM-12_Q1k.jpg,TM-12_Q1l.jpg,TM-12_Q1m.jpeg,TM-12_Q1n.jpg,TM-12_Q1o.jpg,TM-12_Q1p.jpg,TM-12_Q2a.JPG,TM-12_Q2b.jpg,TM-12_Q2c.jpg,TM-12_Q2d.jpg,TM-12_Q2e.png,TM-12_Q2f.png,TM-12_Q2g.png,TM-12_Q2h.png,TM-12_Q2i.jpeg,TM-12_Q2j.jpg,TM-12_Q2k.jpg,TM-12_Q2l.jpg,TM-12_Q2m.jpeg,TM-12_Q2n.jpg,TM-12_Q2o.jpg,TM-12_Q2p.jpg,,,,,,,,,,,,,,,,,,,,,,,,,,,,,,,,,,,,,,,,,,,,,,,,,,,,,,,,,,,,,,,,,,,,,,,,,,,,,,,,,,,,,,,,,,,,,,,,
C-011-09,TM-11,TM-11_Q1a.JPG,TM-11_Q1b.jpg,TM-11_Q1c.jpg,TM-11_Q1d.jpg,TM-11_Q1e.png,TM-11_Q1f.png,TM-11_Q1g.png,TM-11_Q1h.png,TM-11_Q1i.jpeg,TM-11_Q1j.jpg,TM-11_Q1k.jpg,TM-11_Q1l.jpg,TM-11_Q1m.jpeg,TM-11_Q1n.jpg,TM-11_Q1o.jpg,TM-11_Q1p.jpg,TM-11_Q2a.JPG,TM-11_Q2b.jpg,TM-11_Q2c.jpg,TM-11_Q2d.jpg,TM-11_Q2e.png,TM-11_Q2f.png,TM-11_Q2g.png,TM-11_Q2h.png,TM-11_Q2i.jpeg,TM-11_Q2j.jpg,TM-11_Q2k.jpg,TM-11_Q2l.jpg,TM-11_Q2m.jpeg,TM-11_Q2n.jpg,TM-11_Q2o.jpg,TM-11_Q2p.jpg,,,,,,,,,,,,,,,,,,,,,,,,,,,,,,,,,,,,,,,,,,,,,,,,,,,,,,,,,,,,,,,,,,,,,,,,,,,,,,,,,,,,,,,,,,,,,,,,
C-011-10,TM-12,TM-12_Q1a.JPG,TM-12_Q1b.jpg,TM-12_Q1c.jpg,TM-12_Q1d.jpg,TM-12_Q1e.png,TM-12_Q1f.png,TM-12_Q1g.png,TM-12_Q1h.png,TM-12_Q1i.jpeg,TM-12_Q1j.jpg,TM-12_Q1k.jpg,TM-12_Q1l.jpg,TM-12_Q1m.jpeg,TM-12_Q1n.jpg,TM-12_Q1o.jpg,TM-12_Q1p.jpg,TM-12_Q2a.JPG,TM-12_Q2b.jpg,TM-12_Q2c.jpg,TM-12_Q2d.jpg,TM-12_Q2e.png,TM-12_Q2f.png,TM-12_Q2g.png,TM-12_Q2h.png,TM-12_Q2i.jpeg,TM-12_Q2j.jpg,TM-12_Q2k.jpg,TM-12_Q2l.jpg,TM-12_Q2m.jpeg,TM-12_Q2n.jpg,TM-12_Q2o.jpg,TM-12_Q2p.jpg,,,,,,,,,,,,,,,,,,,,,,,,,,,,,,,,,,,,,,,,,,,,,,,,,,,,,,,,,,,,,,,,,,,,,,,,,,,,,,,,,,,,,,,,,,,,,,,,
C-015-03,TM-13,TM-13_Q1a.JPG,TM-13_Q1b.jpg,TM-13_Q1c.jpg,TM-13_Q1d.jpg,TM-13_Q1e.png,TM-13_Q1f.png,TM-13_Q1g.png,TM-13_Q1h.png,TM-13_Q1i.jpeg,TM-13_Q1j.jpg,TM-13_Q1k.jpg,TM-13_Q1l.jpg,TM-13_Q1m.jpeg,TM-13_Q1n.jpg,TM-13_Q1o.jpg,TM-13_Q1p.jpg,TM-13_Q2a.JPG,TM-13_Q2b.jpg,TM-13_Q2c.jpg,TM-13_Q2d.jpg,TM-13_Q2e.png,TM-13_Q2f.png,TM-13_Q2g.png,TM-13_Q2h.png,TM-13_Q2i.jpeg,TM-13_Q2j.jpg,TM-13_Q2k.jpg,TM-13_Q2l.jpg,TM-13_Q2m.jpeg,TM-13_Q2n.jpg,TM-13_Q2o.jpg,TM-13_Q2p.jpg,,,,,,,,,,,,,,,,,,,,,,,,,,,,,,,,,,,,,,,,,,,,,,,,,,,,,,,,,,,,,,,,,,,,,,,,,,,,,,,,,,,,,,,,,,,,,,,,
C-017-03,TM-14,TM-14_Q1a.JPG,TM-14_Q1b.jpg,TM-14_Q1c.jpg,TM-14_Q1d.jpg,TM-14_Q1e.png,TM-14_Q1f.png,TM-14_Q1g.png,TM-14_Q1h.png,TM-14_Q1i.jpeg,TM-14_Q1j.jpg,TM-14_Q1k.jpg,TM-14_Q1l.jpg,TM-14_Q1m.jpeg,TM-14_Q1n.jpg,TM-14_Q1o.jpg,TM-14_Q1p.jpg,TM-14_Q2a.JPG,TM-14_Q2b.jpg,TM-14_Q2c.jpg,TM-14_Q2d.jpg,TM-14_Q2e.png,TM-14_Q2f.png,TM-14_Q2g.png,TM-14_Q2h.png,TM-14_Q2i.jpeg,TM-14_Q2j.jpg,TM-14_Q2k.jpg,TM-14_Q2l.jpg,TM-14_Q2m.jpeg,TM-14_Q2n.jpg,TM-14_Q2o.jpg,TM-14_Q2p.jpg,,,,,,,,,,,,,,,,,,,,,,,,,,,,,,,,,,,,,,,,,,,,,,,,,,,,,,,,,,,,,,,,,,,,,,,,,,,,,,,,,,,,,,,,,,,,,,,,
C-018-03,TM-15,TM-15_Q1a.JPG,TM-15_Q1b.jpg,TM-15_Q1c.jpg,TM-15_Q1d.jpg,TM-15_Q1e.png,TM-15_Q1f.png,TM-15_Q1g.png,TM-15_Q1h.png,TM-15_Q1i.jpeg,TM-15_Q1j.jpg,TM-15_Q1k.jpg,TM-15_Q1l.jpg,TM-15_Q1m.jpeg,TM-15_Q1n.jpg,TM-15_Q1o.jpg,TM-15_Q1p.jpg,TM-15_Q2a.JPG,TM-15_Q2b.jpg,TM-15_Q2c.jpg,TM-15_Q2d.jpg,TM-15_Q2e.png,TM-15_Q2f.png,TM-15_Q2g.png,TM-15_Q2h.png,TM-15_Q2i.jpeg,TM-15_Q2j.jpg,TM-15_Q2k.jpg,TM-15_Q2l.jpg,TM-15_Q2m.jpeg,TM-15_Q2n.jpg,TM-15_Q2o.jpg,TM-15_Q2p.jpg,,,,,,,,,,,,,,,,,,,,,,,,,,,,,,,,,,,,,,,,,,,,,,,,,,,,,,,,,,,,,,,,,,,,,,,,,,,,,,,,,,,,,,,,,,,,,,,,
C-020-03,TM-16,TM-16_Q1a.JPG,TM-16_Q1b.jpg,TM-16_Q1c.jpg,TM-16_Q1d.jpg,TM-16_Q1e.png,TM-16_Q1f.png,TM-16_Q1g.png,TM-16_Q1h.png,TM-16_Q1i.jpeg,TM-16_Q1j.jpg,TM-16_Q1k.jpg,TM-16_Q1l.jpg,TM-16_Q1m.jpeg,TM-16_Q1n.jpg,TM-16_Q1o.jpg,TM-16_Q1p.jpg,TM-16_Q2a.JPG,TM-16_Q2b.jpg,TM-16_Q2c.jpg,TM-16_Q2d.jpg,TM-16_Q2e.png,TM-16_Q2f.png,TM-16_Q2g.png,TM-16_Q2h.png,TM-16_Q2i.jpeg,TM-16_Q2j.jpg,TM-16_Q2k.jpg,TM-16_Q2l.jpg,TM-16_Q2m.jpeg,TM-16_Q2n.jpg,TM-16_Q2o.jpg,TM-16_Q2p.jpg,,,,,,,,,,,,,,,,,,,,,,,,,,,,,,,,,,,,,,,,,,,,,,,,,,,,,,,,,,,,,,,,,,,,,,,,,,,,,,,,,,,,,,,,,,,,,,,,
C-021-03,TM-17,TM-17_Q1a.JPG,TM-17_Q1b.jpg,TM-17_Q1c.jpg,TM-17_Q1d.jpg,TM-17_Q1e.png,TM-17_Q1f.png,TM-17_Q1g.png,TM-17_Q1h.png,TM-17_Q1i.jpeg,TM-17_Q1j.jpg,TM-17_Q1k.jpg,TM-17_Q1l.jpg,TM-17_Q1m.jpeg,TM-17_Q1n.jpg,TM-17_Q1o.jpg,TM-17_Q1p.jpg,TM-17_Q2a.JPG,TM-17_Q2b.jpg,TM-17_Q2c.jpg,TM-17_Q2d.jpg,TM-17_Q2e.png,TM-17_Q2f.png,TM-17_Q2g.png,TM-17_Q2h.png,TM-17_Q2i.jpeg,TM-17_Q2j.jpg,TM-17_Q2k.jpg,TM-17_Q2l.jpg,TM-17_Q2m.jpeg,TM-17_Q2n.jpg,TM-17_Q2o.jpg,TM-17_Q2p.jpg,,,,,,,,,,,,,,,,,,,,,,,,,,,,,,,,,,,,,,,,,,,,,,,,,,,,,,,,,,,,,,,,,,,,,,,,,,,,,,,,,,,,,,,,,,,,,,,,
C-023-03,TM-18,TM-18_Q1a.JPG,TM-18_Q1b.jpg,TM-18_Q1c.jpg,TM-18_Q1d.jpg,TM-18_Q1e.png,TM-18_Q1f.png,TM-18_Q1g.png,TM-18_Q1h.png,TM-18_Q1i.jpeg,TM-18_Q1j.jpg,TM-18_Q1k.jpg,TM-18_Q1l.jpg,TM-18_Q1m.jpeg,TM-18_Q1n.jpg,TM-18_Q1o.jpg,TM-18_Q1p.jpg,TM-18_Q2a.JPG,TM-18_Q2b.jpg,TM-18_Q2c.jpg,TM-18_Q2d.jpg,TM-18_Q2e.png,TM-18_Q2f.png,TM-18_Q2g.png,TM-18_Q2h.png,TM-18_Q2i.jpeg,TM-18_Q2j.jpg,TM-18_Q2k.jpg,TM-18_Q2l.jpg,TM-18_Q2m.jpeg,TM-18_Q2n.jpg,TM-18_Q2o.jpg,TM-18_Q2p.jpg,,,,,,,,,,,,,,,,,,,,,,,,,,,,,,,,,,,,,,,,,,,,,,,,,,,,,,,,,,,,,,,,,,,,,,,,,,,,,,,,,,,,,,,,,,,,,,,,
C-046-09,KLC-01,KLC-01_Q1a.JPG,KLC-01_Q1b.jpg,KLC-01_Q1c.jpg,KLC-01_Q1d.jpg,KLC-01_Q1e.png,KLC-01_Q1f.png,KLC-01_Q1g.png,KLC-01_Q1h.png,KLC-01_Q1i.jpeg,KLC-01_Q1j.jpg,KLC-01_Q1k.jpg,KLC-01_Q1l.jpg,KLC-01_Q1m.jpeg,KLC-01_Q1n.jpg,KLC-01_Q1o.jpg,KLC-01_Q1p.jpg,KLC-01_Q2a.JPG,KLC-01_Q2b.jpg,KLC-01_Q2c.jpg,KLC-01_Q2d.jpg,KLC-01_Q2e.png,KLC-01_Q2f.png,KLC-01_Q2g.png,KLC-01_Q2h.png,KLC-01_Q2i.jpeg,KLC-01_Q2j.jpg,KLC-01_Q2k.jpg,KLC-01_Q2l.jpg,KLC-01_Q2m.jpeg,KLC-01_Q2n.jpg,KLC-01_Q2o.jpg,KLC-01_Q2p.jpg,,,,,,,,,,,,,,,,,,,,,,,,,,,,,,,,,,,,,,,,,,,,,,,,,,,,,,,,,,,,,,,,,,,,,,,,,,,,,,,,,,,,,,,,,,,,,,,,
C-046-10,KLC-01,KLC-01_Q1a.JPG,KLC-01_Q1b.jpg,KLC-01_Q1c.jpg,KLC-01_Q1d.jpg,KLC-01_Q1e.png,KLC-01_Q1f.png,KLC-01_Q1g.png,KLC-01_Q1h.png,KLC-01_Q1i.jpeg,KLC-01_Q1j.jpg,KLC-01_Q1k.jpg,KLC-01_Q1l.jpg,KLC-01_Q1m.jpeg,KLC-01_Q1n.jpg,KLC-01_Q1o.jpg,KLC-01_Q1p.jpg,KLC-01_Q2a.JPG,KLC-01_Q2b.jpg,KLC-01_Q2c.jpg,KLC-01_Q2d.jpg,KLC-01_Q2e.png,KLC-01_Q2f.png,KLC-01_Q2g.png,KLC-01_Q2h.png,KLC-01_Q2i.jpeg,KLC-01_Q2j.jpg,KLC-01_Q2k.jpg,KLC-01_Q2l.jpg,KLC-01_Q2m.jpeg,KLC-01_Q2n.jpg,KLC-01_Q2o.jpg,KLC-01_Q2p.jpg,,,,,,,,,,,,,,,,,,,,,,,,,,,,,,,,,,,,,,,,,,,,,,,,,,,,,,,,,,,,,,,,,,,,,,,,,,,,,,,,,,,,,,,,,,,,,,,,
C-046-11,KLC-01,KLC-01_Q1a.JPG,KLC-01_Q1b.jpg,KLC-01_Q1c.jpg,KLC-01_Q1d.jpg,KLC-01_Q1e.png,KLC-01_Q1f.png,KLC-01_Q1g.png,KLC-01_Q1h.png,KLC-01_Q1i.jpeg,KLC-01_Q1j.jpg,KLC-01_Q1k.jpg,KLC-01_Q1l.jpg,KLC-01_Q1m.jpeg,KLC-01_Q1n.jpg,KLC-01_Q1o.jpg,KLC-01_Q1p.jpg,KLC-01_Q2a.JPG,KLC-01_Q2b.jpg,KLC-01_Q2c.jpg,KLC-01_Q2d.jpg,KLC-01_Q2e.png,KLC-01_Q2f.png,KLC-01_Q2g.png,KLC-01_Q2h.png,KLC-01_Q2i.jpeg,KLC-01_Q2j.jpg,KLC-01_Q2k.jpg,KLC-01_Q2l.jpg,KLC-01_Q2m.jpeg,KLC-01_Q2n.jpg,KLC-01_Q2o.jpg,KLC-01_Q2p.jpg,,,,,,,,,,,,,,,,,,,,,,,,,,,,,,,,,,,,,,,,,,,,,,,,,,,,,,,,,,,,,,,,,,,,,,,,,,,,,,,,,,,,,,,,,,,,,,,,
C-047-07,KLC-01,KLC-01_Q1a.JPG,KLC-01_Q1b.jpg,KLC-01_Q1c.jpg,KLC-01_Q1d.jpg,KLC-01_Q1e.png,KLC-01_Q1f.png,KLC-01_Q1g.png,KLC-01_Q1h.png,KLC-01_Q1i.jpeg,KLC-01_Q1j.jpg,KLC-01_Q1k.jpg,KLC-01_Q1l.jpg,KLC-01_Q1m.jpeg,KLC-01_Q1n.jpg,KLC-01_Q1o.jpg,KLC-01_Q1p.jpg,KLC-01_Q2a.JPG,KLC-01_Q2b.jpg,KLC-01_Q2c.jpg,KLC-01_Q2d.jpg,KLC-01_Q2e.png,KLC-01_Q2f.png,KLC-01_Q2g.png,KLC-01_Q2h.png,KLC-01_Q2i.jpeg,KLC-01_Q2j.jpg,KLC-01_Q2k.jpg,KLC-01_Q2l.jpg,KLC-01_Q2m.jpeg,KLC-01_Q2n.jpg,KLC-01_Q2o.jpg,KLC-01_Q2p.jpg,,,,,,,,,,,,,,,,,,,,,,,,,,,,,,,,,,,,,,,,,,,,,,,,,,,,,,,,,,,,,,,,,,,,,,,,,,,,,,,,,,,,,,,,,,,,,,,,
C-047-08,KLC-01,KLC-01_Q1a.JPG,KLC-01_Q1b.jpg,KLC-01_Q1c.jpg,KLC-01_Q1d.jpg,KLC-01_Q1e.png,KLC-01_Q1f.png,KLC-01_Q1g.png,KLC-01_Q1h.png,KLC-01_Q1i.jpeg,KLC-01_Q1j.jpg,KLC-01_Q1k.jpg,KLC-01_Q1l.jpg,KLC-01_Q1m.jpeg,KLC-01_Q1n.jpg,KLC-01_Q1o.jpg,KLC-01_Q1p.jpg,KLC-01_Q2a.JPG,KLC-01_Q2b.jpg,KLC-01_Q2c.jpg,KLC-01_Q2d.jpg,KLC-01_Q2e.png,KLC-01_Q2f.png,KLC-01_Q2g.png,KLC-01_Q2h.png,KLC-01_Q2i.jpeg,KLC-01_Q2j.jpg,KLC-01_Q2k.jpg,KLC-01_Q2l.jpg,KLC-01_Q2m.jpeg,KLC-01_Q2n.jpg,KLC-01_Q2o.jpg,KLC-01_Q2p.jpg,,,,,,,,,,,,,,,,,,,,,,,,,,,,,,,,,,,,,,,,,,,,,,,,,,,,,,,,,,,,,,,,,,,,,,,,,,,,,,,,,,,,,,,,,,,,,,,,
C-047-09,KLC-01,KLC-01_Q1a.JPG,KLC-01_Q1b.jpg,KLC-01_Q1c.jpg,KLC-01_Q1d.jpg,KLC-01_Q1e.png,KLC-01_Q1f.png,KLC-01_Q1g.png,KLC-01_Q1h.png,KLC-01_Q1i.jpeg,KLC-01_Q1j.jpg,KLC-01_Q1k.jpg,KLC-01_Q1l.jpg,KLC-01_Q1m.jpeg,KLC-01_Q1n.jpg,KLC-01_Q1o.jpg,KLC-01_Q1p.jpg,KLC-01_Q2a.JPG,KLC-01_Q2b.jpg,KLC-01_Q2c.jpg,KLC-01_Q2d.jpg,KLC-01_Q2e.png,KLC-01_Q2f.png,KLC-01_Q2g.png,KLC-01_Q2h.png,KLC-01_Q2i.jpeg,KLC-01_Q2j.jpg,KLC-01_Q2k.jpg,KLC-01_Q2l.jpg,KLC-01_Q2m.jpeg,KLC-01_Q2n.jpg,KLC-01_Q2o.jpg,KLC-01_Q2p.jpg,,,,,,,,,,,,,,,,,,,,,,,,,,,,,,,,,,,,,,,,,,,,,,,,,,,,,,,,,,,,,,,,,,,,,,,,,,,,,,,,,,,,,,,,,,,,,,,,
C-048-09,KLC-01,KLC-01_Q1a.JPG,KLC-01_Q1b.jpg,KLC-01_Q1c.jpg,KLC-01_Q1d.jpg,KLC-01_Q1e.png,KLC-01_Q1f.png,KLC-01_Q1g.png,KLC-01_Q1h.png,KLC-01_Q1i.jpeg,KLC-01_Q1j.jpg,KLC-01_Q1k.jpg,KLC-01_Q1l.jpg,KLC-01_Q1m.jpeg,KLC-01_Q1n.jpg,KLC-01_Q1o.jpg,KLC-01_Q1p.jpg,KLC-01_Q2a.JPG,KLC-01_Q2b.jpg,KLC-01_Q2c.jpg,KLC-01_Q2d.jpg,KLC-01_Q2e.png,KLC-01_Q2f.png,KLC-01_Q2g.png,KLC-01_Q2h.png,KLC-01_Q2i.jpeg,KLC-01_Q2j.jpg,KLC-01_Q2k.jpg,KLC-01_Q2l.jpg,KLC-01_Q2m.jpeg,KLC-01_Q2n.jpg,KLC-01_Q2o.jpg,KLC-01_Q2p.jpg,,,,,,,,,,,,,,,,,,,,,,,,,,,,,,,,,,,,,,,,,,,,,,,,,,,,,,,,,,,,,,,,,,,,,,,,,,,,,,,,,,,,,,,,,,,,,,,,
C-048-10,KLC-01,KLC-01_Q1a.JPG,KLC-01_Q1b.jpg,KLC-01_Q1c.jpg,KLC-01_Q1d.jpg,KLC-01_Q1e.png,KLC-01_Q1f.png,KLC-01_Q1g.png,KLC-01_Q1h.png,KLC-01_Q1i.jpeg,KLC-01_Q1j.jpg,KLC-01_Q1k.jpg,KLC-01_Q1l.jpg,KLC-01_Q1m.jpeg,KLC-01_Q1n.jpg,KLC-01_Q1o.jpg,KLC-01_Q1p.jpg,KLC-01_Q2a.JPG,KLC-01_Q2b.jpg,KLC-01_Q2c.jpg,KLC-01_Q2d.jpg,KLC-01_Q2e.png,KLC-01_Q2f.png,KLC-01_Q2g.png,KLC-01_Q2h.png,KLC-01_Q2i.jpeg,KLC-01_Q2j.jpg,KLC-01_Q2k.jpg,KLC-01_Q2l.jpg,KLC-01_Q2m.jpeg,KLC-01_Q2n.jpg,KLC-01_Q2o.jpg,KLC-01_Q2p.jpg,,,,,,,,,,,,,,,,,,,,,,,,,,,,,,,,,,,,,,,,,,,,,,,,,,,,,,,,,,,,,,,,,,,,,,,,,,,,,,,,,,,,,,,,,,,,,,,,
C-048-11,KLC-01,KLC-01_Q1a.JPG,KLC-01_Q1b.jpg,KLC-01_Q1c.jpg,KLC-01_Q1d.jpg,KLC-01_Q1e.png,KLC-01_Q1f.png,KLC-01_Q1g.png,KLC-01_Q1h.png,KLC-01_Q1i.jpeg,KLC-01_Q1j.jpg,KLC-01_Q1k.jpg,KLC-01_Q1l.jpg,KLC-01_Q1m.jpeg,KLC-01_Q1n.jpg,KLC-01_Q1o.jpg,KLC-01_Q1p.jpg,KLC-01_Q2a.JPG,KLC-01_Q2b.jpg,KLC-01_Q2c.jpg,KLC-01_Q2d.jpg,KLC-01_Q2e.png,KLC-01_Q2f.png,KLC-01_Q2g.png,KLC-01_Q2h.png,KLC-01_Q2i.jpeg,KLC-01_Q2j.jpg,KLC-01_Q2k.jpg,KLC-01_Q2l.jpg,KLC-01_Q2m.jpeg,KLC-01_Q2n.jpg,KLC-01_Q2o.jpg,KLC-01_Q2p.jpg,,,,,,,,,,,,,,,,,,,,,,,,,,,,,,,,,,,,,,,,,,,,,,,,,,,,,,,,,,,,,,,,,,,,,,,,,,,,,,,,,,,,,,,,,,,,,,,,
C-049-08,KLC-01,KLC-01_Q1a.JPG,KLC-01_Q1b.jpg,KLC-01_Q1c.jpg,KLC-01_Q1d.jpg,KLC-01_Q1e.png,KLC-01_Q1f.png,KLC-01_Q1g.png,KLC-01_Q1h.png,KLC-01_Q1i.jpeg,KLC-01_Q1j.jpg,KLC-01_Q1k.jpg,KLC-01_Q1l.jpg,KLC-01_Q1m.jpeg,KLC-01_Q1n.jpg,KLC-01_Q1o.jpg,KLC-01_Q1p.jpg,KLC-01_Q2a.JPG,KLC-01_Q2b.jpg,KLC-01_Q2c.jpg,KLC-01_Q2d.jpg,KLC-01_Q2e.png,KLC-01_Q2f.png,KLC-01_Q2g.png,KLC-01_Q2h.png,KLC-01_Q2i.jpeg,KLC-01_Q2j.jpg,KLC-01_Q2k.jpg,KLC-01_Q2l.jpg,KLC-01_Q2m.jpeg,KLC-01_Q2n.jpg,KLC-01_Q2o.jpg,KLC-01_Q2p.jpg,,,,,,,,,,,,,,,,,,,,,,,,,,,,,,,,,,,,,,,,,,,,,,,,,,,,,,,,,,,,,,,,,,,,,,,,,,,,,,,,,,,,,,,,,,,,,,,,
C-049-09,KLC-01,KLC-01_Q1a.JPG,KLC-01_Q1b.jpg,KLC-01_Q1c.jpg,KLC-01_Q1d.jpg,KLC-01_Q1e.png,KLC-01_Q1f.png,KLC-01_Q1g.png,KLC-01_Q1h.png,KLC-01_Q1i.jpeg,KLC-01_Q1j.jpg,KLC-01_Q1k.jpg,KLC-01_Q1l.jpg,KLC-01_Q1m.jpeg,KLC-01_Q1n.jpg,KLC-01_Q1o.jpg,KLC-01_Q1p.jpg,KLC-01_Q2a.JPG,KLC-01_Q2b.jpg,KLC-01_Q2c.jpg,KLC-01_Q2d.jpg,KLC-01_Q2e.png,KLC-01_Q2f.png,KLC-01_Q2g.png,KLC-01_Q2h.png,KLC-01_Q2i.jpeg,KLC-01_Q2j.jpg,KLC-01_Q2k.jpg,KLC-01_Q2l.jpg,KLC-01_Q2m.jpeg,KLC-01_Q2n.jpg,KLC-01_Q2o.jpg,KLC-01_Q2p.jpg,,,,,,,,,,,,,,,,,,,,,,,,,,,,,,,,,,,,,,,,,,,,,,,,,,,,,,,,,,,,,,,,,,,,,,,,,,,,,,,,,,,,,,,,,,,,,,,,
C-052-10,KLC-01,KLC-01_Q1a.JPG,KLC-01_Q1b.jpg,KLC-01_Q1c.jpg,KLC-01_Q1d.jpg,KLC-01_Q1e.png,KLC-01_Q1f.png,KLC-01_Q1g.png,KLC-01_Q1h.png,KLC-01_Q1i.jpeg,KLC-01_Q1j.jpg,KLC-01_Q1k.jpg,KLC-01_Q1l.jpg,KLC-01_Q1m.jpeg,KLC-01_Q1n.jpg,KLC-01_Q1o.jpg,KLC-01_Q1p.jpg,KLC-01_Q2a.JPG,KLC-01_Q2b.jpg,KLC-01_Q2c.jpg,KLC-01_Q2d.jpg,KLC-01_Q2e.png,KLC-01_Q2f.png,KLC-01_Q2g.png,KLC-01_Q2h.png,KLC-01_Q2i.jpeg,KLC-01_Q2j.jpg,KLC-01_Q2k.jpg,KLC-01_Q2l.jpg,KLC-01_Q2m.jpeg,KLC-01_Q2n.jpg,KLC-01_Q2o.jpg,KLC-01_Q2p.jpg,,,,,,,,,,,,,,,,,,,,,,,,,,,,,,,,,,,,,,,,,,,,,,,,,,,,,,,,,,,,,,,,,,,,,,,,,,,,,,,,,,,,,,,,,,,,,,,,
C-052-11,KLC-01,KLC-01_Q1a.JPG,KLC-01_Q1b.jpg,KLC-01_Q1c.jpg,KLC-01_Q1d.jpg,KLC-01_Q1e.png,KLC-01_Q1f.png,KLC-01_Q1g.png,KLC-01_Q1h.png,KLC-01_Q1i.jpeg,KLC-01_Q1j.jpg,KLC-01_Q1k.jpg,KLC-01_Q1l.jpg,KLC-01_Q1m.jpeg,KLC-01_Q1n.jpg,KLC-01_Q1o.jpg,KLC-01_Q1p.jpg,KLC-01_Q2a.JPG,KLC-01_Q2b.jpg,KLC-01_Q2c.jpg,KLC-01_Q2d.jpg,KLC-01_Q2e.png,KLC-01_Q2f.png,KLC-01_Q2g.png,KLC-01_Q2h.png,KLC-01_Q2i.jpeg,KLC-01_Q2j.jpg,KLC-01_Q2k.jpg,KLC-01_Q2l.jpg,KLC-01_Q2m.jpeg,KLC-01_Q2n.jpg,KLC-01_Q2o.jpg,KLC-01_Q2p.jpg,,,,,,,,,,,,,,,,,,,,,,,,,,,,,,,,,,,,,,,,,,,,,,,,,,,,,,,,,,,,,,,,,,,,,,,,,,,,,,,,,,,,,,,,,,,,,,,,
C-052-13,KLC-01,KLC-01_Q1a.JPG,KLC-01_Q1b.jpg,KLC-01_Q1c.jpg,KLC-01_Q1d.jpg,KLC-01_Q1e.png,KLC-01_Q1f.png,KLC-01_Q1g.png,KLC-01_Q1h.png,KLC-01_Q1i.jpeg,KLC-01_Q1j.jpg,KLC-01_Q1k.jpg,KLC-01_Q1l.jpg,KLC-01_Q1m.jpeg,KLC-01_Q1n.jpg,KLC-01_Q1o.jpg,KLC-01_Q1p.jpg,KLC-01_Q2a.JPG,KLC-01_Q2b.jpg,KLC-01_Q2c.jpg,KLC-01_Q2d.jpg,KLC-01_Q2e.png,KLC-01_Q2f.png,KLC-01_Q2g.png,KLC-01_Q2h.png,KLC-01_Q2i.jpeg,KLC-01_Q2j.jpg,KLC-01_Q2k.jpg,KLC-01_Q2l.jpg,KLC-01_Q2m.jpeg,KLC-01_Q2n.jpg,KLC-01_Q2o.jpg,KLC-01_Q2p.jpg,,,,,,,,,,,,,,,,,,,,,,,,,,,,,,,,,,,,,,,,,,,,,,,,,,,,,,,,,,,,,,,,,,,,,,,,,,,,,,,,,,,,,,,,,,,,,,,,
C-054-05,KLC-01,KLC-01_Q1a.JPG,KLC-01_Q1b.jpg,KLC-01_Q1c.jpg,KLC-01_Q1d.jpg,KLC-01_Q1e.png,KLC-01_Q1f.png,KLC-01_Q1g.png,KLC-01_Q1h.png,KLC-01_Q1i.jpeg,KLC-01_Q1j.jpg,KLC-01_Q1k.jpg,KLC-01_Q1l.jpg,KLC-01_Q1m.jpeg,KLC-01_Q1n.jpg,KLC-01_Q1o.jpg,KLC-01_Q1p.jpg,KLC-01_Q2a.JPG,KLC-01_Q2b.jpg,KLC-01_Q2c.jpg,KLC-01_Q2d.jpg,KLC-01_Q2e.png,KLC-01_Q2f.png,KLC-01_Q2g.png,KLC-01_Q2h.png,KLC-01_Q2i.jpeg,KLC-01_Q2j.jpg,KLC-01_Q2k.jpg,KLC-01_Q2l.jpg,KLC-01_Q2m.jpeg,KLC-01_Q2n.jpg,KLC-01_Q2o.jpg,KLC-01_Q2p.jpg,,,,,,,,,,,,,,,,,,,,,,,,,,,,,,,,,,,,,,,,,,,,,,,,,,,,,,,,,,,,,,,,,,,,,,,,,,,,,,,,,,,,,,,,,,,,,,,,
C-101-03,KLC-01,KLC-01_Q1a.JPG,KLC-01_Q1b.jpg,KLC-01_Q1c.jpg,KLC-01_Q1d.jpg,KLC-01_Q1e.png,KLC-01_Q1f.png,KLC-01_Q1g.png,KLC-01_Q1h.png,KLC-01_Q1i.jpeg,KLC-01_Q1j.jpg,KLC-01_Q1k.jpg,KLC-01_Q1l.jpg,KLC-01_Q1m.jpeg,KLC-01_Q1n.jpg,KLC-01_Q1o.jpg,KLC-01_Q1p.jpg,KLC-01_Q2a.JPG,KLC-01_Q2b.jpg,KLC-01_Q2c.jpg,KLC-01_Q2d.jpg,KLC-01_Q2e.png,KLC-01_Q2f.png,KLC-01_Q2g.png,KLC-01_Q2h.png,KLC-01_Q2i.jpeg,KLC-01_Q2j.jpg,KLC-01_Q2k.jpg,KLC-01_Q2l.jpg,KLC-01_Q2m.jpeg,KLC-01_Q2n.jpg,KLC-01_Q2o.jpg,KLC-01_Q2p.jpg,,,,,,,,,,,,,,,,,,,,,,,,,,,,,,,,,,,,,,,,,,,,,,,,,,,,,,,,,,,,,,,,,,,,,,,,,,,,,,,,,,,,,,,,,,,,,,,,
